comprehensive,complete
comprehensively,completely
a testament to,showing
accordingly,so
additionally,also
adept,skilled
adhere to,follow
adhere,follow
aesthetic,look
akin,like
aligns,matches
ample,plenty
amplify,increase
arguably,possibly
astonishing,amazing
augment,add to
beacon,guide
blend,mix
boasts,has
bolster,strengthen
bustling,busy
but,,but
camaraderie,friendship
can serve as,can be used as
captivate,fascinate
capture,record
certainly,surely
championing,supporting
cognizant,aware
commendable,praiseworthy
compelling,strong
comprehensive,complete
conclusion,end
consequently,as a result
conveying,communicating
crafting,making
critical,important
crucial,important
crucible,test
cutting-edge,advanced
deliver actionable insights through in-depth data analysis,find useful information from data
delve,look
delved,looked
discover,find
distress signal,call for help
dive into a curated selection of,look at a selection of
dive into,look deep at
dive,jump in
diverse,varied
drive insightful data-driven decisions,make better choices using data
dynamic,changing
dynamics,forces
efficiency,being effective
efficient,effective
effortlessly,easily
elevate,improve
embark,begin
embarked,started
embarking on,starting
embody,represent
embrace,accept
emerge,appear
empower,help
endeavor,effort
enhance,improve
enlightening,informative
ensure,make sure
escape,get away
essential,needed
esteemed,respected
ever-evolving,always changing
exciting,thrilling
exemplary,excellent
exemplified,showed
explore,look at
facilitate,help
fear not,don't worry
figure,shape
firstly,first
folks,people
form a ,shape a 
foster,encourage
fostering,encouraging
furthermore,also
grand,big
grapple,struggle
groundbreaking,new
hence,so
highlights,shows
however,but
however,,but
hustle and bustle,activity
illuminated,lit up
illustrious,famous
immerse,absorb yourself
implementation,setup
important to note,note that
important to understand,remember
in conclusion,finally
in summary,to sum up
in the realm of,in the area of
in the realm,in the area
indeed,really
indelible,lasting
indulge,enjoy
ingenuity,cleverness
innovation,new idea
innovative,new
insights,ideas
institution,organization
integration,combining
interactions,exchanges
interplay,interaction
intricacies,details
intricate,complex
invaluable,very useful
it's important to consider,consider
it's important to note,note that
it's worth noting that,note that
journey,trip
landscape,scene
legacy,heritage
leveraging complex datasets to extract meaningful insights,finding useful patterns in data
leveraging data-driven insights,using data findings
leveraging,using
little did,didn't
lose yourself,get absorbed
mastering,becoming good at
maximize,increase
meticulous,careful
meticulously,carefully
moreover,also
multifaceted,many-sided
myriad,many
mystery,puzzle
navigate the nuances,understand the details
navigate,move through
navigating,moving through
nestled,located
nevertheless,still
nonetheless,still
notably,especially
noteworthy,important
notwithstanding,despite
nuanced,subtle
on the contrary,instead
optimization,improvement
paramount,essential
peril,danger
pertinent,relevant
physique,body
pivotal,key
profound,deep
quest,search
realm,area
relax,rest
relentless,constant
remember that,remember
resistance,opposition
resonates,connects with
reverberate,echo
roam,wander
robust,strong
saga,story
seamless,smooth
seamlessly,smoothly
shed light,explain
soak,absorb
solace,comfort
spearheaded,led
steadfast,firm
step back in time,visit the past
step into,enter
storybook,fairy tale
symphony,harmony
synergistic,working together
synergy,teamwork
tapestry,mix
testament,proof
that being said,however
can serve as,can be used as
this is not an exhaustive list,there are more examples
thought-provoking,interesting
thus,so
transcended,went beyond
transformation,change
transformative,life-changing
treasure trove,valuable collection
underscore,emphasize
underscores,highlights
undoubtedly,certainly
unfathomable,hard to understand
unique blend,special mix
unleash,release
unlock,open
unraveling,solving
untangle,solve
unveil,reveal
unveiled,revealed
unveiling,revealing
unwavering,steady
utilize,use
utmost,highest
vibrant,lively
virtuoso,expert
vital,important
vulnerable,at risk
wander,roam
whimsical,playful
wonders,marvels
—, -  
–,. 
coherently,consistently
coherent,consistent
coherently,consistently
delving,looking into
delves,looks into
leverages,uses
revolutionizing,changing
revolutionizes,changes
streamlining,simplifying
streamlines,simplifies
utilizing,using
utilizes,uses
encompassing,covering
encompasses,covers
facilitating,helping
facilitates,helps
enhancing,improving
enhances,improves
embarks,starts
optimizing,improving
optimizes,improves
explores,looks at
exploring,looking at
explored,looked at
empowers,helps
empowering,helping
empowered,helped
ensures,makes sure
ensuring,making sure
ensured,made sure
elevates,improves
elevating,improving
elevated,improved
amplifies,increases
amplifying,increasing
amplified,increased
bolsters,strengthens
bolstering,strengthening
bolstered,strengthened
captivates,fascinates
captivating,fascinating
captivated,fascinated
embraces,accepts
embracing,accepting
embraced,accepted
emerges,appears
emerging,appearing
emerged,appeared
unlocks,opens
unlocking,opening
unlocked,opened
unleashes,releases
unleashing,releasing
unleashed,released
grapples,struggles with
grappling,struggling with
grappled,struggled with
maximizes,increases
maximizing,increasing
maximized,increased
immerses,absorbs
immersing,absorbing
immersed,absorbed
leverage,use
leveraged,used
utilized,used
enhanced,improved
facilitated,helped
optimize,improve
optimized,improved
navigates,moves through
navigated,moved through
streamline,simplify
streamlined,simplified
revolutionize,change
revolutionized,changed
encompass,cover
encompassed,covered
fosters,encourages
fostered,encouraged
unveils,reveals
underscoring,emphasizing
underscored,emphasized
align,match
aligning,matching
aligned,matched
highlight,show
highlighting,showing
highlighted,showed
resonate,connect with
resonating,connecting with
resonated,connected with
boast,have
boasting,having
boasted,had
craft,make
crafts,makes
crafted,made
convey,communicate
conveys,communicates
conveyed,communicated
spearhead,lead
spearheads,leads
spearheading,leading
transcend,go beyond
transcends,goes beyond
transcending,going beyond
exemplify,show
exemplifies,shows
exemplifying,showing
illuminate,light up
illuminates,lights up
illuminating,lighting up
master,learn
masters,learns
mastered,learned
robustly,strongly
crucially,importantly
vitally,importantly
intricately,in a complex way
profoundly,deeply
efficiently,effectively
harness,use
harnessing,using
harnessed,used
harnesses,uses
plethora,many
a plethora of,many
advent,start
facet,part
facets,parts
whilst,while
amongst,among
underpin,support
underpinning,supporting
underpins,supports
underpinned,supported
nuances,details
myriad of,many
at the forefront,leading
plays a crucial role,is important
serves as,ismethodology,method|approach
aforementioned,earlier|previous|that
commence,start|begin
hitherto,until now|before this
bespoke,custom|tailored
showcase,show|demonstrate|display
implement,put in place|start
subsequently,then|later|after that
it is important to note that,
it is worth mentioning,
it should be noted,
it is worth highlighting,
in this article,
let us delve in,let's look at
let us uncover,let's find out
here is a list of,
in essence,basically|simply
in other words,
generally speaking,
to some extent,
broadly speaking,
in today's fast-paced world,
in the digital age,
in today's ever-evolving world,
in a world where,
welcome to the world of,
in today's competitive landscape,
picture this,
imagine this,
have you ever wondered,
in the dynamic world of,
with the rise of,
supercharge,boost|improve
turbocharge,speed up|accelerate
skyrocket,increase|rise|grow
catapult,launch|boost
curate,select|gather|organize
game-changer,big improvement|major change
paradigm shift,major change|new approach
linchpin,key part|essential element
kaleidoscope,variety|mix
ecosystem,system|environment
state-of-the-art,latest|modern|advanced
holistic,complete|whole|full
unparalleled,exceptional|outstanding
unprecedented,never before seen|historic
play a significant role in shaping,affects|influences
notable works include,known for|famous for
aims to explore,looks at|examines
from a broader perspective,overall|looking more widely
a key takeaway is,remember|the main point is
this underscores the importance of,this shows how important
at its core,basically|fundamentally
to put it simply,simply|in short
master the art of,get good at|learn
a beacon of,an example of|a model of
a treasure trove of,full of|packed with
embark on a journey,start|begin
unlock the full potential of,fully use|get the most from
harness the power of,use|apply
embrace the power of,use|adopt
key to unlocking,enables|helps achieve
serve as a reminder,remember|reminds us
not only but also,and|also
as we have seen,
moving forward,next|going ahead
at the end of the day,ultimately|finally
to conclude,
as we progress in our journey,
as technology continues to evolve,
absolutely,yes
I would be happy to help,
great question,
that is a great point,
ever-changing,changing
ever-competitive,competitive
rapidly changing,changing|shifting
hyper-connected,connected|networked
mitigate,reduce|lessen|address
actionable insights,useful tips|practical ideas
drive efficiency,save time|work faster
scalable solution,flexible approach|solution that grows
results-driven,
track record,
endeavoring,trying
endeavored,tried
endeavors,tries
commences,starts
commencing,starting
commenced,started
showcases,shows
showcasing,showing
showcased,showed
implements,puts in place
implementing,putting in place
implemented,put in place
curates,selects
curating,selecting
curated,selected
mitigates,reduces
mitigating,reducing
mitigated,reduced
